id, username, display_name, created_at, channel_type, country, uploads, subscribers, views, grade
UCq-Fj5jknLsUf-MWSy4_brA, tseries, T-Series, 2006-03-13, musicIndia, 15406, 182000000, 153844861498, N/A
UClgRkhTL3_hImCAmdLfDE4g, lgRkhTL3_hImCAmdLfDE4g, YouTube Movies, 2015-06-10, filmUnspecified, 0, 136000000, 0, N/A
UC-9-kyTW8ZkZNDHQJ6FgpwQ, -9-kyTW8ZkZNDHQJ6FgpwQ, Music, 2013-09-24, MusicUnspecified, 0, 115000000, 0, N/A
UCbCmjCuTUZos6Inko4u57UQ, checkgate, Cocomelon - Nursery Rhymes, 2006-09-01, educationUnited States, 639, 111000000, 101266116273, N/A
UC-lHJZR3Gqxm24_Vd_AJ5Yw, PewDiePie, PewDiePie, 2010-04-29, gamesUnited States, 4333, 110000000, 27297405230, N/A
UCpEhnqL0y41EpW2TvWAHD7Q, Setindia, SET India, 2006-09-20, entertainmentIndia, 56700, 104000000, 87322533849, N/A
UCOpNcN46UbXVtpKMrmU4Abg, OpNcN46UbXVtpKMrmU4Abg, Gaming, 2013-12-15, gamesUnspecified, 0, 89000000, 0, N/A
UCk8GzjMOrta8yxDcKfylJYw, k8GzjMOrta8yxDcKfylJYw, ✿ Kids Diana Show, 2015-05-12, entertainmentUnited States, 858, 78400000, 56041811945, N/A
UCJ5v_MCY6GNUBTO8-D3XoAg, wwefannation, WWE, 2007-05-11, sportsUnited States, 54838, 77000000, 58497506114, N/A
UCEgdi0XIXXZ-qJOFPf4JSKw, Egdi0XIXXZ-qJOFPf4JSKw, Sports, 2013-12-15, sportsUnspecified, 0, 75000000, 0, N/A
UCJplp5SjeGSdVdwsfb9Q7lQ, Jplp5SjeGSdVdwsfb9Q7lQ, Like Nastya, 2016-12-06, entertainmentUnited States, 577, 73700000, 57440942974, N/A
UCFFbwnve3yF62-tVXkTyHqg, zeemusiccompany, Zee Music Company, 2014-03-12, musicIndia, 5433, 72800000, 37360643459, N/A
UC295-Dw_tDNtZXFeAPAW6Aw, 295-Dw_tDNtZXFeAPAW6Aw, 5-Minute Crafts, 2016-11-15, howtoUnited States, 4707, 72300000, 20241492400, N/A
UCvlE5gTbOvjiolFlEm-c_Ow, vlE5gTbOvjiolFlEm-c_Ow, Vlad and Niki, 2018-04-23, entertainmentUnited States, 355, 67600000, 48494892819, N/A
UCffDXn7ycAzwL2LDlbyWOTw, CanalKondzilla, Canal KondZilla, 2012-03-21, musicBrazil, 1854, 64200000, 34162499367, N/A
UCIwFjwMjI0y7PDBVEO9-bkQ, kidrauhl, Justin Bieber, 2007-01-15, musicCanada, 221, 63300000, 24921155066, N/A
UCX6OQ3DkcsbYNE6H8uQQuVA, Mrbeast6000, MrBeast, 2012-02-20, entertainmentUnited States, 704, 62100000, 10669831207, N/A
UCOmHUn--16B90oW2L6FRR3A, OmHUn--16B90oW2L6FRR3A, BLACKPINK, 2016-06-29, musicKorea, 355, 61100000, 17600535295, N/A
UCppHT7SZKKvar4Oc9J4oljQ, zeetv, Zee TV, 2005-12-11, entertainmentIndia, 55872, 57800000, 9864023454, N/A
UCRijo3ddMTht_IHyNSNXpNQ, corycotton, Dude Perfect, 2009-03-17, sportsUnited States, 261, 56000000, 12932948319, N/A
UC3IZKseVpdzPSBaWxBxundA, IBIGHIT, HYBE LABELS, 2008-06-04, musicKorea, 598, 54400000, 16186815187, N/A
UCyoXW-Dse7fURq30EWl_CUA, GoldminesTelefilms, Goldmines Telefilms, 2012-01-21, filmIndia, 1566, 53400000, 12416802177, N/A
UCEdvpU2pFRCVqU6yIPyTpMQ, EdvpU2pFRCVqU6yIPyTpMQ, Marshmello, 2015-04-06, musicUnited States, 463, 52600000, 11613908776, N/A
UC3gNmTGu-TTbFPpfSs5kNkg, MovieClips, Movieclips, 2006-04-28, filmUnited States, 37213, 52400000, 51398167138, N/A
UCP6uH_XlsxrXwZQ4DlqbqPg, filmigaane, Shemaroo Filmi Gaane, 2010-06-11, musicIndia, 7084, 51600000, 24492417130, N/A
UC6-F5tO8uklgE9Zy8IvbdFw, sabtv, Sony SAB, 2007-08-04, entertainmentIndia, 35819, 50800000, 53719176185, N/A
UCLkAepWjdylmXSltofFvsYQ, bangtantv, BANGTANTV, 2012-12-17, musicKorea, 1484, 49600000, 9999642229, N/A
UCBnZ16ahKA2DZ_T5W0FPUXg, thechuchutv, ChuChu TV Nursery Rhymes & Kids Songs, 2013-02-09, educationIndia, 410, 48300000, 31450389980, N/A
UC9CoOnJkIBMdeijd9qYoT_g, osnapitzari, Ariana Grande, 2007-01-22, musicUnited States, 177, 48100000, 19189239761, N/A
UCcdwLMPsaU2ezNSJU1nFoBQ, SmartBooksMedia, Pinkfong! Kids' Songs & Stories, 2011-12-14, educationUnited States, 1811, 47900000, 23714344018, N/A
UCfM3zsQsOnfWNUppiycmBuw, EminemMusic, EminemMusic, 2007-02-09, musicUnited States, 136, 47600000, 19714241941, N/A
UC0C-w0YjGpqDXGB8IHb662A, EdSheeran, Ed Sheeran, 2006-08-08, musicUnited Kingdom, 164, 47500000, 23441034370, N/A
UCt4t-jeY85JegMlZ-E5UWtA, aajtaktv, Aaj Tak, 2009-08-27, newsIndia, 131564, 46200000, 15062577955, N/A
UCYWOjHweP2V-8kGKmmAmQJQ, Badabunoficial, Badabun, 2014-10-14, entertainmentMexico, 7199, 44400000, 17290949443, N/A
UC22nIfOTM7KLIQuFGMKzQbg, bhojpuriwave, Wave Music, 2014-10-29, musicIndia, 18399, 44500000, 31024028872, N/A
UC56gTxNs4f9xZ7Pa2i5xNzg, sonymusicindiasme, Sony Music India, 2009-09-02, musicIndia, 2813, 43700000, 19055949295, N/A
UCYiGq8XF7YQD00x7wAd62Zg, juegagerman, JuegaGerman, 2013-05-19, gamesChile, 1812, 43600000, 12556721579, N/A
UC4NALVCmcmL5ntpV0thoH6w, loolookids, LooLoo Kids - Nursery Rhymes and Children's Songs, 2014-08-05, musicUnited States, 498, 42800000, 22603906249, N/A
UCZJ7m7EnCNodqnu5SAtg8eQ, holasoygerman, HolaSoyGerman., 2011-09-08, entertainmentChile, 136, 42500000, 4522361953, N/A
UCqECaJ8Gagnn7YCbPEzWH6g, taylorswift, Taylor Swift, 2006-09-20, musicUnited States, 188, 42500000, 22143995079, N/A
UCK1i2UviaXLUNrZlAFpw_jA, reinomariaelenawalsh, El Reino Infantil, 2011-06-02, musicArgentina, 998, 42300000, 40251490124, N/A
UC3KQ5GWANYF8lChqjZpXsQw, whinderssonnunes, whinderssonnunes, 2013-01-21, comedyBrazil, 389, 42400000, 3800864272, N/A
UCV4xOVpbcV8SdueDCOxLXtQ, Fernanfloo, Fernanfloo, 2011-05-02, gamesEl Salvador, 539, 42000000, 9179897114, N/A
UCV306eHqgo0LvBf3Mh36AHg, felipeneto, Felipe Neto, 2006-05-16, entertainmentBrazil, 2506, 42000000, 12761474821, N/A
UCJrDMFOdv1I2k8n9oK_V21w, tipsmusic, Tips Official, 2007-05-22, musicIndia, 3037, 41500000, 20191291239, N/A
UCiGm_E4ZwYSHV3bcW1pnSeQ, iGm_E4ZwYSHV3bcW1pnSeQ, Billie Eilish, 2013-02-06, musicUnited States, 35, 40900000, 9138371590, N/A
UCYvmuw-JtVrTZQ-7Y4kd63Q, KatyPerryMusic, Katy Perry, 2008-06-01, newsUnited States, 107, 40600000, 21883991678, N/A
UCaayLD9i5x4MmIoVZxXSv_g, tseriesbhakti, T-Series Bhakti Sagar, 2011-02-13, musicIndia, 21940, 40500000, 17854948189, N/A
UC4rlAVgAK0SGk-yTfe48Qpw, 4rlAVgAK0SGk-yTfe48Qpw, BRIGHT SIDE, 2017-03-15, howtoUnited States, 3890, 40400000, 8454609332, N/A
UCj0O6W8yDuLg3iraAXKgCrQ, vcsabiavideos, Você Sabia?, 2013-09-01, entertainmentBrazil, 1183, 40400000, 6346993115, N/A
UCXazgXDIYyWH-yXLAkcrFxw, elrubiusOMG, elrubiusOMG, 2011-12-20, entertainmentSpain, 832, 39900000, 9179629915, N/A
UC55IWqFLDH1Xp7iu1_xknRA, colorstv, Colors TV, 2008-06-13, entertainmentIndia, 54649, 39500000, 33366372865, N/A
UCbTLwN10NoCU4WDzLf1JMOA, yrf, YRF, 2006-06-07, musicIndia, 2828, 39600000, 22480760676, N/A
UCJrOtniJ0-NWz37R30urifQ, djwalkzz, Alan Walker, 2012-08-25, musicNorway, 258, 39300000, 10076877199, N/A
UCp0hYYBW6IMayGgR-WeoCvQ, theellenshow, TheEllenShow, 2006-11-21, entertainmentUnited States, 13026, 37900000, 21625498694, N/A
UCS94J1s6-qc8v7btCdS2pNg, S94J1s6-qc8v7btCdS2pNg, Like Nastya Show, 2017-11-14, entertainmentUnited States, 420, 37800000, 16699252193, N/A
UCcgqSM4YEo5vVQpqwN-MaNw, Rihanna, Rihanna, 2005-11-06, entertainmentBarbados, 79, 37200000, 17733183248, N/A
UCKAqou7V9FAWXpZd9xtOg3Q, LittleBabyBum, Little Baby Bum - Nursery Rhymes & Kids Songs, 2011-06-22, educationUnited States, 1538, 36400000, 33050636402, N/A
UCECJDeK0MNapZbpaOzxrUPA, luisitocomunicaa, Luisito Comunica, 2012-04-15, comedyMexico, 1009, 36200000, 6377833224, N/A
UCOsyDsO5tIt-VZ1iwjdQmew, speedrecordss, Speed Records, 2012-11-22, musicIndia, 9273, 35900000, 20148315200, N/A
UC3MLnJtqc_phABBriLRhtgQ, sonymusicindiaVEVO, SonyMusicIndiaVEVO, 2009-09-02, musicUnited States, 3142, 35600000, 18351758680, N/A
UCb2HGwORFBo94DmRx4oLzow, onedirectionchannel, One Direction, 2010-12-03, musicUnited Kingdom, 157, 35600000, 11469519526, N/A
UClZkHt2kNIgyrTTPnSQV3SA, getmovies, Get Movies, 2006-12-16, entertainmentRussian Federation, 2981, 35500000, 25774792451, N/A
UCYfdidRxbB8Qhf0Nx7ioOYw, YfdidRxbB8Qhf0Nx7ioOYw, News, 2013-09-09, Unspecified, 0, 35500000, 0, N/A
UC1ciY6kR3yj3kaKZ6R7ewAg, Infobellshindirhymes, Infobells - Hindi, 2014-06-06, educationIndia, 406, 34900000, 18635353002, N/A
UC_gV70G_Y51LTa3qhu8KiEA, luccasneto, LUCCAS NETO - LUCCAS TOON, 2014-07-31, entertainmentBrazil, 1357, 34800000, 15965703498, N/A
UCRv76wLBC73jiP7LX4C3l8Q, mashamedvedtv, Маша и Медведь, 2011-05-31, filmRussian Federation, 952, 34300000, 28468475853, N/A
UCNUQK9mQoqi4yNXw2_Rj6SA, Gr6explode, GR6 EXPLODE, 2014-08-05, musicBrazil, 3666, 34100000, 19466312437, N/A
UCstEtN0pgOmCf02EdXsGChw, ABSCBNOnline, ABS-CBN Entertainment, 2008-07-16, entertainmentPhilippines, 157307, 34100000, 42283731778, N/A
UCBVjMGOIkavEAhyqpxJ73Dw, Maroon5, Maroon 5, 2006-03-09, musicUnited States, 160, 34000000, 18165375939, N/A
UC9TO_oo4c_LrOiKNaY6aysA, DaddyYankeeOFFTV, Daddy Yankee, 2011-05-16, musicUnited States, 370, 33700000, 17605203566, N/A
UCmBA_wu8xGg1OfOkfW13Q0Q, mBA_wu8xGg1OfOkfW13Q0Q, Bad Bunny, 2014-06-09, musicPuerto Rico, 92, 33500000, 15237870204, N/A
UC3ZkCd7XtUREnjjt3cyY_gg, WorkpointOfficial, WorkpointOfficial, 2012-11-05, entertainmentThailand, 55241, 33500000, 30294647909, N/A
UCjIA3wwhi0QjSOXAZwOXbPA, jIA3wwhi0QjSOXAZwOXbPA, Ozuna, 2016-03-24, musicPuerto Rico, 127, 33200000, 18347501422, N/A
UCYLNGLIzMhRTi6ZOLjAPSmw, Shakira, Shakira, 2005-10-16, musicColombia, 252, 32900000, 20708198547, N/A
UCM9r1xn6s30OnlJWb-jc3Sw, M9r1xn6s30OnlJWb-jc3Sw, XXXTENTACION, 2015-06-23, musicUnited States, 112, 32300000, 8272824244, N/A
UCam8T03EOFBsNdR0thrFHdQ, vegetta777, VEGETTA777, 2008-03-02, gamesSpain, 6513, 32300000, 14017212662, N/A
UCHkj014U2CQ2Nv0UZeYpE_A, JustinBieberVEVO, JustinBieberVEVO, 2009-09-26, musicUnited States, 184, 32200000, 22921795938, N/A
UCWi_65E_L8tQZ34C6wVAlpQ, venus, Venus, 2005-09-22, musicIndia, 4459, 32200000, 13268277425, N/A
UCBR8-60-B28hp2BmDPdntcQ, youtube, YouTube, 1970-01-01, educationUnited States, 360, 31400000, 2322879466, N/A
UCoUM-UJ7rirJYP8CQ0EIaHA, elektrarecords, Bruno Mars, 2006-09-19, musicUnited States, 78, 31300000, 14435561837, N/A
UCgFXm4TI8htWmCyJ6cVPG_A, gFXm4TI8htWmCyJ6cVPG_A, Toys and Colors, 2016-03-17, entertainmentUnited States, 593, 31200000, 28987215983, N/A
UCQZfFRohQ7UX-0CdXl-6pwQ, QZfFRohQ7UX-0CdXl-6pwQ, Kimberly Loaiza, 2016-11-16, peopleMexico, 166, 31100000, 2866160194, N/A
UCsT0YIqwnpJCM-mx7-gSA4Q, TEDxTalks, TEDx Talks, 2009-06-23, nonprofitUnited States, 166732, 31100000, 5623153061, N/A
UCwHE1kM1CPJd_pI9FQ0-4dg, wHE1kM1CPJd_pI9FQ0-4dg, shfa, 2015-03-29, peopleUnited Arab Emirates, 671, 31000000, 16472628439, N/A
UC2tsySbe9TNrI-xh2lximHA, 2tsySbe9TNrI-xh2lximHA, A4, 2014-11-29, entertainmentBelarus, 387, 30700000, 7916081528, N/A
UCt-k6JwNWHMXDBGm9IYHdsg, JbalvinTube, J Balvin, 2011-02-18, musicColombia, 78, 30700000, 17966463515, N/A
UCF1JIbMUs6uqoZEY1Haw0GQ, ShemarooEnt, Shemaroo, 2007-09-01, entertainmentIndia, 7380, 30400000, 16619738708, N/A
UC_aEa8K-EOJ3D6gOs7HcyNg, NoCopyrightSounds, NoCopyrightSounds, 2011-08-14, musicUnited Kingdom, 919, 30200000, 9726179389, N/A
UCa10nxShhzNrCE1o2ZOPztg, alltrapnation, Trap Nation, 2012-09-23, musicUnited States, 2186, 30100000, 12228636962, N/A
UCj22tfcQrWG7EMEKS0qLeEg, AddictedA1, CarryMinati, 2014-10-30, musicIndia, 173, 30000000, 2310447481, N/A
UC8f7MkX4MFOOJ2SerXLInCA, gmmonetv, one31, 2013-01-10, entertainmentThailand, 107820, 29600000, 23500275106, N/A
UChGJGhZ9SOOHvBB0Y4DOO_w, hGJGhZ9SOOHvBB0Y4DOO_w, Ryan's World, 2015-03-17, entertainmentUnited States, 1978, 29600000, 46994123456, N/A
UCF0pVplsI8R5kcAqgtoRqoA, F0pVplsI8R5kcAqgtoRqoA, Popular on YouTube, 2013-12-04, gamesUnspecified, 0, 29500000, 0, N/A
UCxoq-PAQeAdk_zyg8YS0JqA, LuisFonsiVivo, Luis Fonsi, 2014-02-25, entertainmentUnited States, 82, 29400000, 13306649939, N/A
UC7_YxT-KID8kRbqZo7MyscQ, markipliergame, Markiplier, 2012-05-26, gamesUnited States, 4932, 29200000, 15709851809, N/A
UCRWFSbif-RFENbBrSiez1DA, abpnewstv, ABP NEWS, 2012-06-01, newsIndia, 172027, 29300000, 8259281446, N/A
UCQ7x25F6YXY9DvGeHFxLhRQ, Q7x25F6YXY9DvGeHFxLhRQ, shfa2 - شفا, 2017-11-06, peopleUnited Arab Emirates, 894, 29200000, 16558383461, N/A
UCpEJRZdSpdVZ8vh63T9I2KQ, pEJRZdSpdVZ8vh63T9I2KQ, Like Nastya ESP, 2017-04-22, entertainmentUnited States, 456, 29200000, 12003232867, N/A
UCPNxhDvTcytIdvwXWAm43cA, SelGomez, Selena Gomez, 2008-02-08, filmUnited States, 179, 29000000, 10463459953, N/A
UCbTVTephX30ZhQF5zwFppBg, RezendeEvil, rezendeevil, 2012-02-12, entertainmentBrazil, 10300, 29000000, 11687204594, N/A
UCbrd1vu4_7qIE6IPV_dA-OA, brd1vu4_7qIE6IPV_dA-OA, GENIAL, 2017-06-01, howtoMexico, 4125, 28700000, 5238063764, N/A
UClZF7OsrECe3t_ADrjZEh_Q, lZF7OsrECe3t_ADrjZEh_Q, Geet MP3, 2016-10-22, musicIndia, 427, 28700000, 9286331315, N/A
UCpDJl2EmP7Oh90Vylx0dZtA, spinninrec, Spinnin' Records, 2007-07-12, musicThe Netherlands , 10108, 28600000, 18126397075, N/A
UCLsooMJoIpl_7ux2jvdPB-Q, supersimplesongs, Super Simple Songs - Kids Songs, 2006-09-08, educationCanada, 548, 28500000, 27825655415, N/A
UCtW7qWjpCZ8zps-Cf2NF26w, tW7qWjpCZ8zps-Cf2NF26w, Gaane Sune Ansune, 2015-08-24, musicIndia, 2621, 28400000, 13685330975, N/A
UCJg19noZp7-BYIGvypu_cow, Jg19noZp7-BYIGvypu_cow, Voot Kids, 2016-11-23, entertainmentUnspecified, 2154, 28300000, 11297087837, N/A
UC48h7Dst_hX82HxOf3xJw_w, tv3official, Ch3Thailand, 2014-05-29, entertainmentThailand, 80629, 28200000, 20642009728, N/A
UCcvNYxWXR_5TjVK7cSCdW-g, tseriesapnapunjab, T-Series Apna Punjab, 2011-09-26, musicIndia, 5440, 28100000, 15601695234, N/A
UCAvCL8hyXjSUHKEGuUPr1BA, qzMendShawqz, Shawn Mendes, 2011-01-19, musicCanada, 121, 28000000, 10178845323, N/A
UCmL1WlDI8UkXDXCXcBQN9CA, ultrahindi, Ultra Bollywood, 2009-10-21, entertainmentIndia, 9944, 28000000, 14452774585, N/A
UCyQqzYXQBUWgBTn4pw_fFSQ, auronplay, AuronPlay, 2006-02-28, comedySpain, 406, 27900000, 3628187108, N/A
UCX52tYZiEh_mHoFja3Veciw, erosentertainment, Eros Now Music, 2007-02-27, entertainmentIndia, 10415, 27700000, 16425322013, N/A
UCU2zNeYhf9pi_wSqFbYE96w, U2zNeYhf9pi_wSqFbYE96w, Boram Tube Vlog [보람튜브 브이로그], 2012-02-21, entertainmentUnited States, 223, 27600000, 12294411843, N/A
UC8-Th83bH_thdKZDJCrn88g, latenight, The Tonight Show Starring Jimmy Fallon, 2006-01-08, comedyUnited States, 6744, 27600000, 14715983403, N/A
UCaKLg1ELiX0zTJ6Je3c5esA, aKLg1ELiX0zTJ6Je3c5esA, Atta Halilintar, 2014-01-26, entertainmentIndonesia, 1289, 27500000, 3303854666, N/A
UCpB959t8iPrxQWj7G6n0ctQ, sssniperwolf, SSSniperWolf, 2013-01-20, entertainmentUnited States, 2678, 27500000, 12556673224, N/A
UCRx3mKNUdl8QE06nEug7p6Q, Rx3mKNUdl8QE06nEug7p6Q, BillionSurpriseToys - Nursery Rhymes, 2013-10-25, educationUnited States, 422, 27500000, 8021141674, N/A
UCEf_Bc-KVd7onSeifS3py9g, smtown, SMTOWN, 2006-03-18, musicUnspecified, 3693, 27300000, 20735189031, N/A
UCkAGrHCLFmlK3H2kd6isipg, mrbean, Mr Bean, 2006-01-04, comedyUnited Kingdom, 2185, 27200000, 8572812843, N/A
UClZuKq2m0Qu-HkopkSBLpEw, lZuKq2m0Qu-HkopkSBLpEw, Maluma, 2018-03-23, musicUnited States, 15, 27100000, 17377044504, N/A
UC5tuYcCdiKuF5Y2ZonuarwA, 5tuYcCdiKuF5Y2ZonuarwA, Jkk Entertainment, 2017-03-20, comedyIndia, 162, 27200000, 11137601880, N/A
UCLtNvbkqea8wN_kGtfgx_Mw, LtNvbkqea8wN_kGtfgx_Mw, Desi Music Factory, 2014-10-06, musicIndia, 105, 27000000, 6946778479, N/A
UCYzPXprvl5Y-Sf0g4vX-m6g, jacksepticeye, jacksepticeye, 2007-02-24, entertainmentIreland, 4772, 27100000, 14175462717, N/A
UCsPF3cApzCohxPp5oKdoWSQ, cybervillagesolution, CVS 3D Rhymes & Kids Songs, 2008-08-26, educationIndia, 338, 27000000, 16497924697, N/A
UCBAb_DK4GYZqZR9MFA7y2Xg, juptube, Galinha Pintadinha, 2006-08-30, filmBrazil, 54, 26900000, 19389602836, N/A
UCKe6w0exI94U-RzqAyoY1VA, Ke6w0exI94U-RzqAyoY1VA, Maria Clara & JP, 2015-09-06, entertainmentBrazil, 556, 26500000, 14553991857, N/A
UCwpcLKMwiuPg4aqImpGk6Ew, cancionesdelagranja, La Granja de Zenón, 2013-06-06, musicArgentina, 416, 26500000, 17482949354, N/A
UCJ0uqCI0Vqr2Rrt1HseGirg, thelatelateshow, The Late Late Show with James Corden, 2006-11-21, entertainmentUnited States, 4715, 26500000, 9109809167, N/A
UC4rasfm9J-X4jNl9SvXp8xA, ultrarecords, Ultra Music, 2006-10-24, musicUnited States, 4306, 26500000, 14767888930, N/A
UCANLZYMidaCbLQFWXBC95Jg, taylorswiftvevo, TaylorSwiftVEVO, 2009-05-12, musicUnited States, 195, 26200000, 20896586656, N/A
UCEKWXRsfUHkan-D_ljU8Asw, rajshri, Rajshri, 2006-03-24, musicIndia, 5739, 26000000, 13894049362, N/A
UCKqx9r4mrFglauNBJc1L_eg, toypudding, ToyPuddingTV, 2014-05-13, entertainmentUnited States, 2615, 25900000, 15207553196, N/A
UCttspZesZIDEwwpVIgoZtWQ, indiatv, IndiaTV, 2006-08-26, sportsIndia, 200345, 25900000, 9491600842, N/A
UCKqH_9mk1waLgBiL2vT5b9g, Vanossgaming, VanossGaming, 2011-09-15, gamesCanada, 1363, 25500000, 13793113635, N/A
UC2xskkQVFEpLcGFnNSLQY0A, Rihannavevo, RihannaVEVO, 2009-05-12, musicUnited States, 106, 25400000, 16656517328, N/A
UC4tS4Q_Cno5JVcIUXxQOOpA, 4tS4Q_Cno5JVcIUXxQOOpA, Ricis Official, 2016-01-15, entertainmentIndonesia, 1347, 25400000, 3752428119, N/A
UCucot-Zp428OwkyRm2I7v2Q, ucot-Zp428OwkyRm2I7v2Q, James Charles, 2015-12-01, entertainmentUnited States, 348, 25300000, 3425855675, N/A
UCS5Oz6CHmeoF7vSad0qqXfw, thediamondminecart, DanTDM, 2012-07-14, gamesUnited Kingdom, 3493, 25200000, 18010709230, N/A
UC20vb-R_px4CguHzzBPhoyQ, Eminemvevo, EminemVEVO, 2009-05-12, musicUnited States, 87, 25200000, 16543689513, N/A
UCY30JRSgfhYXA6i6xX1erWg, Smosh, Smosh, 2005-11-19, comedyUnited States, 1198, 25100000, 9893316798, N/A
UC-yXuc1__OzjwpsJPlxYUCQ, worldstarhiphoptv, WORLDSTARHIPHOP, 2008-11-08, musicUnited States, 5675, 25100000, 17961490508, N/A
UC-8Q-hLdECwQmaWNwXitYDw, katyperryvevo, KatyPerryVEVO, 2009-12-13, musicUnited States, 163, 25100000, 21033690743, N/A
UCT9zcQNlyht7fRlcjmflRSA, Imaginedragons, ImagineDragons, 2009-08-03, musicUnited States, 52, 25100000, 11334449592, N/A
UCs8qka8tfhdc69wzXYdtZ3A, lospolinesios, LosPolinesios, 2012-12-16, peopleMexico, 601, 24700000, 6211411253, N/A
UCP84QWij0alw4MvzqzyfOnw, P84QWij0alw4MvzqzyfOnw, KHANDESHI MOVIES, 2013-11-11, comedyIndia, 158, 24700000, 8294647064, N/A
UCqJ5zFEED1hWs0KNQCQuYdQ, qJ5zFEED1hWs0KNQCQuYdQ, Mikecrack, 2015-07-13, gamesSpain, 1557, 24700000, 9591118069, N/A
UCpYye8D5fFMUPf9nSfgd4bA, pYye8D5fFMUPf9nSfgd4bA, BabyBus - Nursery Rhymes, 2016-07-15, educationUnited States, 1583, 24600000, 18783647680, N/A
UCBNs31xysxpAGMheg8OrngA, Lady16makeup, Yuya, 2009-09-20, howtoMexico, 667, 24600000, 2536737028, N/A
UC7eHZXheF8nVOfwB2PEslMw, ashchanchlani, ashish chanchlani vines, 2009-07-06, comedyIndia, 142, 24600000, 3087119373, N/A
UCm3hAp1m1xlAz0ve_EKAo4g, TalkingTomCat, Talking Tom, 2010-07-04, filmUnited States, 309, 24500000, 11774852481, N/A
UCByOQJjav0CUDwxCk-jVNRQ, DrakeOfficial, Drake, 2009-06-05, musicUnited States, 53, 24500000, 9923843305, N/A
UCoGDh1Xa3kUCpok24JN5DKA, Enchufetv, enchufetv, 2011-11-13, comedyColombia, 1556, 24400000, 9494538545, N/A
UCVp3nfGRxmMadNDuVbJSk8A, taylorgangent, Wiz Khalifa, 2008-05-09, musicUnited States, 528, 24400000, 11304911108, N/A
UCaHEdZtk6k7SVP-umnzifmQ, aHEdZtk6k7SVP-umnzifmQ, TheDonato, 2015-02-17, gamesArgentina, 1536, 24400000, 3896364150, N/A
UC0WP5P-ufpRfjbNrmOWwLBQ, xoxxxoooxo, The Weeknd, 2011-02-25, musicCanada, 83, 24400000, 14461796052, N/A
UCRm96I5kmb_iGFofE5N691w, tseriesoldisgold, Bollywood Classics, 2012-04-02, musicIndia, 1904, 24200000, 14341769172, N/A
UCu59yAFE8fM0sVNTipR4edw, mashabearen, Masha and The Bear, 2014-09-17, filmUnited States, 687, 24200000, 11983290510, N/A
UCAW-NpUFkMyCNrvRSSGIvDQ, NinjasHyper, Ninja, 2011-11-11, gamesUnited States, 1345, 24200000, 2414887538, N/A
UCgwv23FVv3lqh567yagXfNg, DisneyMusicVEVO, DisneyMusicVEVO, 2010-05-20, musicUnited States, 1462, 24200000, 17719595275, N/A
UCozAuGJZ5MPoijz8IE_1Gtw, toyoraljanahtv, قناة طيور الجنة | toyoraljanahtv, 2008-11-24, musicJordan, 2956, 24000000, 21769491870, N/A
UC5c9VlYTSvBSCaoMu_GI6gQ, 5c9VlYTSvBSCaoMu_GI6gQ, Total Gaming, 2018-10-09, gamesIndia, 1323, 24100000, 3642395948, N/A
UCw8ZhLPdQ0u_Y-TLKd61hGA, w8ZhLPdQ0u_Y-TLKd61hGA, 1MILLION Dance Studio, 2015-02-06, entertainmentKorea, 2611, 23900000, 6486198870, N/A
UCwD4x63A9KC7Si2RuSfg-SA, TwiNboTzVids, Lucas and Marcus, 2011-01-19, entertainmentUnited States, 751, 23800000, 6223858207, N/A
UCaWd5_7JhbQBe4dknZhsHJg, watchmojo, WatchMojo.com, 2007-01-25, entertainmentCanada, 19717, 23600000, 14568923946, N/A
UCsRM0YB_dabtEPGPTKo-gcw, adelelondon, Adele, 2008-04-04, musicUnited Kingdom, 13, 23400000, 10156674403, N/A
UCAOtE1V7Ots4DjM8JLlrYgg, Theofficialpeppa, Peppa Pig - Official Channel, 2013-10-09, filmUnited States, 915, 23400000, 15429369368, N/A
UCw7xjxzbMwgBSmbeYwqYRMg, Sonypalindia, Sony PAL, 2014-05-09, entertainmentIndia, 14390, 23400000, 15037206819, N/A
UCKL5hAuzgFQsyrsQKgU0Qng, gmanetwork, GMANetwork, 2006-11-20, entertainmentPhilippines, 97214, 23300000, 22143461428, N/A
UC1l7wYrva1qCH-wgqcHaaRg, davidguettavevo, David Guetta, 2009-12-11, musicUnited States, 572, 23100000, 14351234339, N/A
UCNzsYU0aWwjERj-9Y9HUEng, NzsYU0aWwjERj-9Y9HUEng, Little Angel: Nursery Rhymes & Kids Songs, 2015-12-14, entertainmentUnited States, 1068, 23100000, 16238439296, N/A
UCUY6t_N9MyEWu6I0ZXkbtKA, UY6t_N9MyEWu6I0ZXkbtKA, Las Ratitas, 2015-10-18, entertainmentSpain, 205, 23100000, 8497864712, N/A
UC_vcKmg67vjMP7ciLnSxSHQ, _vcKmg67vjMP7ciLnSxSHQ, Amit Bhadana, 2012-10-24, musicIndia, 88, 23000000, 2028918458, N/A
UCG8rbF3g2AMX70yOd8vqIZg, G8rbF3g2AMX70yOd8vqIZg, Logan Paul, 2015-08-29, entertainmentUnited States, 722, 23000000, 5752856011, N/A
UCHcn4Ux-sO9nzNu7rDsoQLg, infobellstamil, infobells - Tamil, 2014-03-13, educationIndia, 394, 23000000, 13452054883, N/A
UCuHzBCaKmtaLcRAOoazhCPA, beyonce, Beyoncé, 2005-11-07, musicUnited States, 228, 23000000, 13934870884, N/A
UC7TTtOQKMXTWWMtWQMIgVSA, collinskey, Collins Key, 2011-08-09, entertainmentUnited States, 249, 22900000, 5691105656, N/A
UCHvoq_rGmOKJKGId1nD1V4Q, infobellstelugu, infobells - Telugu, 2014-03-13, educationIndia, 359, 22800000, 11085346925, N/A
UCN8S4CqMRy6tVKVXvs7Bzeg, N8S4CqMRy6tVKVXvs7Bzeg, Wow Kidz, 2015-06-27, entertainmentIndia, 4053, 22800000, 12747076413, N/A
UCZuPJZ2kGFdlbQu1qotZaHw, Karolgmusic, KAROL G, 2013-03-14, musicColombia, 114, 22800000, 10119477684, N/A
UC3jOd7GUMhpgJRBhiLzuLsg, NickiMinajTelevision, Nicki Minaj, 2013-08-28, musicUnited States, 25, 22700000, 8283713882, N/A
UCweOkPb1wVVH0Q0Tlj4a5Pw, loenent, 1theK (원더케이), 2011-01-31, entertainmentKorea, 14462, 22700000, 19827670273, N/A
UCVtFOytbRpEvzLjvqGG5gxQ, ksiolajidebt, KSI, 2009-07-25, musicUnited Kingdom, 1227, 22700000, 5657981521, N/A
UC56cowXhoqRWHeqfSJkIQaA, bouncepatrolkids, Bounce Patrol - Kids Songs, 2013-01-01, musicAustralia, 186, 22700000, 14213689465, N/A
UChMJkHCD2wdvSO7CMOuLR-w, xSkyHeLLxx, Renato Garcia, 2011-09-29, entertainmentBrazil, 3004, 22500000, 5229525645, N/A
UCWwqHwqLSrdWMgp5DZG5Dzg, WwqHwqLSrdWMgp5DZG5Dzg, Troom Troom, 2015-09-12, howtoUnited States, 1617, 22400000, 8980621359, N/A
UCvh1at6xpV1ytYOAzxmqUsA, vh1at6xpV1ytYOAzxmqUsA, Jess No Limit, 2017-09-07, gamesIndonesia, 1465, 22300000, 2340358230, N/A
UCTkXRDQl0luXxVQrRQvWS6w, dreamtraps, Dream, 2014-02-08, gamesUnited States, 109, 22300000, 1874534109, N/A
UCbW18JZRgko_mOGm5er8Yzg, onedirectionvevo, OneDirectionVEVO, 2010-12-04, musicUnited Kingdom, 266, 22200000, 10643995712, N/A
UCpb_iJuhFe8V6rQdbNqfAlQ, nickyjamtv, NickyJamTV, 2012-01-10, musicPuerto Rico, 263, 22200000, 14243438076, N/A
UCK9F8nycURBsR0YlrBsu1Ag, JingleToonsAnimation, Jingle Toons, 2013-01-24, filmIndia, 214, 22000000, 7461730460, N/A
UC2xjgvWb9cx5F637XjsUNxw, toycantando, toycantando, 2009-07-07, musicColombia, 426, 22100000, 11343381389, N/A
UC0ebPa2q1rwZVN7dYemunUQ, mildicasdemulher, Valentina Pontes, 2014-04-14, peopleBrazil, 932, 21900000, 7022530623, N/A
UCeLHszkByNZtPKcaVXOCOQQ, postmalone, Post Malone, 2011-12-15, musicUnited States, 38, 21700000, 10033098582, N/A
UCq3Ci-h945sbEYXpVlw7rJg, thechainsmokers, The Chainsmokers, 2012-09-22, musicUnited States, 208, 21600000, 11993121181, N/A
UCcYrdFJF7hmPXRNaWdrko4w, Chrisbrowntv, Chris Brown, 2006-12-20, musicUnited States, 19, 21600000, 11831914919, N/A
UC0DZmkupLYwc0yDsfocLh0A, Jellyyt, Jelly, 2014-05-27, gamesUnited Kingdom, 4892, 21600000, 12787394498, N/A
UC5OrDvL9DscpcAstz7JnQGA, michaeljackson, Michael Jackson, 2005-06-22, musicUnited States, 7, 21500000, 10346409411, N/A
UCwfEOn0O1DWcyTgzVVu28ig, mariliamendoncareal, Marília Mendonça, 2013-05-13, musicBrazil, 108, 21400000, 13278583083, N/A
UCSAUGyc_xA8uYzaIVG6MESQ, nigahiga, nigahiga, 2006-07-21, entertainmentUnited States, 407, 21400000, 4333330804, N/A
UCNYW2vfGrUE6R5mIJYzkRyQ, DrossRotzank, DrossRotzank, 2006-03-09, peopleArgentina, 1419, 21300000, 5209779763, N/A
UCOhHO2ICt0ti9KAh-QHvttQ, OhHO2ICt0ti9KAh-QHvttQ, Technical Guruji, 2015-10-19, techIndia, 3763, 21200000, 2645833209, N/A
UCoookXUzPciGrEZEXmh4Jjg, sesamestreet, Sesame Street, 2006-01-16, entertainmentUnited States, 3136, 21200000, 18377197524, N/A
UC_8PAD0Qmi6_gpe77S1Atgg, _8PAD0Qmi6_gpe77S1Atgg, Mister Max, 2014-09-22, entertainmentUnited Kingdom, 962, 21100000, 12455201104, N/A
UC-6czyMkxDi8E8akPl0c7_w, EnriqueIglesiasPlay, Enrique Iglesias, 2007-04-12, musicUnited States, 374, 21000000, 14921839509, N/A
UCmphdqZNmqL72WJ2uyiNw5w, mphdqZNmqL72WJ2uyiNw5w, ABP NEWS HINDI, 2017-03-03, newsIndia, 95394, 21000000, 5640239835, N/A
UCUe6ZpY6TJ0no8jI4l2iLxw, nickelodeonjuniorfr, Nick Jr., 2012-09-27, filmUnited States, 3781, 20600000, 16276275752, N/A
UCaO6TYtlC8U5ttz62hTrZgg, jypentertainment, JYP Entertainment, 2008-01-25, musicKorea, 1262, 20600000, 12812461167, N/A
UClQubH2NeMmGLTLgNdLBwXg, lQubH2NeMmGLTLgNdLBwXg, ZHC, 2013-08-07, entertainmentUnited States, 285, 20600000, 1616947877, N/A
UCvA9_f5Lwk-poMynabtrZPg, vA9_f5Lwk-poMynabtrZPg, Rans Entertainment, 2015-12-27, entertainmentIndonesia, 2155, 20500000, 4124172686, N/A
UCV9_KinVpV-snHe3C3n1hvA, shane, shane, 2005-09-22, peopleUnited States, 650, 20500000, 4515176550, N/A
UCt4atlExw8aj3Bm79nv1fig, t4atlExw8aj3Bm79nv1fig, Round2hell, 2016-10-20, comedyIndia, 65, 20500000, 2087338026, N/A
UCPHXtOVmjvbP9OJihsd7gCg, canalcanalha, CanalCanalha, 2011-04-08, comedyBrazil, 256, 20500000, 1684390661, N/A
UC_x8HoD18XJkILQBreVENUQ, DjSnakeTV, DJ Snake, 2008-09-24, musicUnited States, 178, 20400000, 6425678615, N/A
UCG9gfnA5UDoLvz-tC9B-HKw, GMMGrammyOfficial, GMM GRAMMY OFFICIAL, 2010-11-08, musicThailand, 9252, 20400000, 20203361019, N/A
UCbomPUMyPHCgrqD5iYnzj1A, Wwrbhojpuri, Worldwide Records Bhojpuri, 2012-03-15, musicIndia, 4894, 20400000, 10179034265, N/A
UCJFp8uSYCjXOMnkUyb3CQ3Q, JFp8uSYCjXOMnkUyb3CQ3Q, Tasty, 2016-01-22, howtoUnited States, 4118, 20400000, 5059696462, N/A
UCcgVECVN4OKV6DH1jLkqmcA, jakepaulproductions, Jake Paul, 2013-09-19, peopleUnited States, 908, 20400000, 7026586044, N/A
UC4JCksJF76g_MdzPVBJoC3Q, 4JCksJF76g_MdzPVBJoC3Q, ARY Digital, 2016-07-11, entertainmentPakistan, 39025, 20400000, 13560495966, N/A
UCqwUrj10mAEsqezcItqvwEw, qwUrj10mAEsqezcItqvwEw, BB Ki Vines, 2015-06-20, musicIndia, 171, 20400000, 3225969016, N/A
UCjZ-Ekz7JDN6GDXwusvSHvg, jZ-Ekz7JDN6GDXwusvSHvg, Smile Toys Review, 2018-03-13, entertainmentUnited States, 267, 20300000, 7238740223, N/A
UCcartHVtvAUzfajflyeT_Gg, cartHVtvAUzfajflyeT_Gg, Miss Katy, 2014-11-17, entertainmentUnited Kingdom, 904, 20300000, 11607637857, N/A
UCpko_-a4wgz2u_DgDgd9fqA, buzzfeedvideo, BuzzFeedVideo, 2011-08-10, peopleUnited States, 7110, 20300000, 17348153385, N/A
UC2etEuPIfohP4P53wM0KImA, 2etEuPIfohP4P53wM0KImA, 5-Minute Crafts GIRLY, 2018-01-18, howtoUnited States, 3015, 20300000, 4329098795, N/A
UCxhygwqQ1ZMoBGQM2yEcNug, xhygwqQ1ZMoBGQM2yEcNug, Raffy Tulfo in Action, 2016-04-20, newsPhilippines, 6766, 20300000, 9587351686, N/A
UC5ma-WCc8jNCV0WyRnfbHTg, 5ma-WCc8jNCV0WyRnfbHTg, Diana Kids Stories, 2019-01-30, entertainmentUnited States, 334, 20100000, 9011281887, N/A
UC_A7K2dXFsTMAciGmnNxy-Q, SongsOfIndianCinema, Saregama Music, 2013-01-04, musicIndia, 4610, 20100000, 7246052120, N/A
UC0v-tlzsn0QZwJnkiaUSJVQ, TheFineBros, REACT, 2007-06-04, entertainmentUnited States, 2036, 20100000, 8481879549, N/A
UCPOw2O3_uZ1doro9iR4x6vw, mmoshaya, mmoshaya, 2010-12-11, entertainmentSaudi Arabia, 1051, 20100000, 13409264099, N/A
UC9gFih9rw0zNCK3ZtoKQQyA, Jennamarbles, JennaMarbles, 2010-02-16, comedyUnited States, 250, 20100000, 1692513034, N/A
UCCgLoMYIyP0U56dEhEL1wXQ, Chloesaddiction, Chloe Ting, 2011-08-17, howtoAustralia, 315, 20100000, 2005033157, N/A
UCRI7hheejBbWS6etTNwMT0g, RI7hheejBbWS6etTNwMT0g, Anuel AA, 2016-09-08, musicColombia, 59, 20000000, 9206621692, N/A
UCR5wZcXtOUka8jTA57flzMg, netdmuzikk, netd müzik, 2014-01-23, musicTurkey, 15665, 20000000, 43170607214, N/A
UCWOA1ZGywLbqmigxE4Qlvuw, newonnetflix, Netflix, 2012-07-17, entertainmentUnited States, 4722, 19900000, 4186212385, N/A
UCNL1ZadSjHpjm4q9j2sVtOA, ladygagaofficial, Lady Gaga, 2008-05-15, peopleUnited States, 169, 19900000, 11698893137, N/A
UC2pmfLm7iq6Ov1UwYrWYkZA, vevo, Vevo, 2006-04-14, musicUnited States, 1434, 19900000, 533079166, N/A
UCBqFKDipsnzvJdt6UT0lMIg, SandeepSeminars, Sandeep Maheshwari, 2012-02-13, peopleIndia, 395, 19900000, 1343214415, N/A
UCIPA6iWNaoetaa1T46RkzXw, AuthenticGames, AuthenticGames, 2011-10-07, gamesBrazil, 4240, 19800000, 8614030972, N/A
UC24_Z2L-8Ki183AI9zJJzNQ, TRANS7indonesia, TRANS7 OFFICIAL, 2014-09-04, entertainmentIndonesia, 64396, 19700000, 9374679403, N/A
UCqsS8fU6yVxrJr5y_CoUn3w, haertetest, HaerteTest, 2011-09-06, techGermany, 642, 19700000, 2402771602, N/A
UC_TVqp_SyG6j5hG-xVRy95A, theofficialskrillex, Skrillex, 2010-04-06, musicUnited States, 176, 19600000, 5886823853, N/A
UCN9HPn2fq-NL8M5_kp4RWZQ, SiaVideos, Sia, 2007-11-19, musicUnited States, 105, 19600000, 10545046656, N/A
UCF6jRAgCbSanHolKt0Vt6Qw, F6jRAgCbSanHolKt0Vt6Qw, Tekashi 6ix9ine, 2018-04-06, musicUnited States, 25, 19500000, 4756087543, N/A
UCK5Q72Uyo73uRPk8PmM2A3w, K5Q72Uyo73uRPk8PmM2A3w, Genevieve's Playhouse - Learning Videos for Kids, 2016-01-06, filmUnited States, 541, 19500000, 11203079993, N/A
UCuSo4gcgxJRf4Bzu43wwVyg, uSo4gcgxJRf4Bzu43wwVyg, Masha y el Oso, 2016-02-12, filmMexico, 596, 19500000, 7917207286, N/A
UCzoUWqjCbcfWFdOMvoep8FA, zoUWqjCbcfWFdOMvoep8FA, Juan De Dios Pantoja, 2014-06-09, peopleMexico, 1, 19400000, 145038113, N/A
UCT2X19JJaJGUN7mrYuImANQ, AmericasGotTalent, America's Got Talent, 2006-06-29, entertainmentUnited States, 2410, 19400000, 3835874988, N/A
UCAuUUnT6oDeKwE6v1NGQxug, tedtalksdirector, TED, 2006-12-06, techUnited States, 3647, 19400000, 2071399510, N/A
UCqNmJfc7RgMU6hTxOOuCYHQ, qNmJfc7RgMU6hTxOOuCYHQ, Diana Bebe, 2016-11-27, entertainmentUnited States, 352, 19400000, 6322462414, N/A
UCpcsv3Ow-8IhoUGDEfPetsQ, VenusMovies, Venus Movies, 2010-03-15, entertainmentIndia, 2410, 19300000, 5435645358, N/A
UC57XAjJ04TY8gNxOWf-Sy0Q, 57XAjJ04TY8gNxOWf-Sy0Q, 5-Minute Crafts PLAY, 2017-10-30, howtoUnited States, 3220, 19200000, 4758909126, N/A
UCWwWOFsW68TqXE-HZLC3WIA, WwWOFsW68TqXE-HZLC3WIA, The ACE Family, 2016-01-10, peopleUnspecified, 597, 19000000, 4238674073, N/A
UCilwZiBBfI9X6yiZRzWty8Q, oRugrat, FaZe Rug, 2012-07-12, entertainmentUnited States, 1787, 19100000, 4502777551, N/A
UCmv1CLT6ZcFdTJMHxaR9XeA, PTXOFFICIAL, PTXofficial, 2011-09-10, musicUnited States, 279, 19000000, 5213934419, N/A
UCC-RHF_77zQdKcA75hr5oTQ, FGTeeV, FGTeeV, 2013-05-24, gamesUnited States, 1461, 18900000, 19733611785, N/A
UCPHjpfnnGklkRBBTd0k6aHg, aviciideo, Avicii, 2009-10-28, musicSweden, 148, 18900000, 8327418874, N/A
UCDPM_n1atn2ijUwHd0NNRQw, coldplayvevo, Coldplay, 2010-01-03, musicUnited Kingdom, 267, 18800000, 12325227152, N/A
UCU_yU4xGT9hrVFo6euH8LLw, slivkichanel, SlivkiShow, 2012-12-11, entertainmentUkraine, 369, 18800000, 3809562689, N/A
UCUAL--p3qAa27luR0IYbjZA, rossbollinger, Pencilmation, 2007-02-01, filmUnited States, 887, 18800000, 9794104601, N/A
UCopY0NAzASqmD6eVaRj2TFQ, WHBBP, White Hill Music, 2014-03-23, musicIndia, 4290, 18700000, 7618302008, N/A
UCw1SQ6QRRtfAhrN_cjkrOgA, w1SQ6QRRtfAhrN_cjkrOgA, LazarBeam, 2015-01-04, gamesAustralia, 1225, 18700000, 7278992734, N/A
UC5xAPCVizxOfnMECMXkal2Q, 5xAPCVizxOfnMECMXkal2Q, Baim Paula, 2016-06-04, entertainmentIndonesia, 1386, 18700000, 3205743794, N/A
UC03RvJoIhm_fMwlUpm9ZvFw, 03RvJoIhm_fMwlUpm9ZvFw, Crafty Panda, 2017-12-03, howtoUnited States, 408, 18700000, 5228636986, N/A
UCYLlkv4hivYJlOk6Lo-RHNQ, Hamaarbhojiwood, Wave Music Bhojpuri, 2014-08-10, musicIndia, 20743, 18600000, 10701896768, N/A
UC6E2mP01ZLH_kbAyeazCNdg, BreakingTrail, Brave Wilderness, 2014-09-08, animalsUnited States, 667, 18600000, 4006303028, N/A
UCGnjeahCJW1AF34HBmQTJ-Q, shakiravevo, shakiraVEVO, 2009-09-02, musicUnited States, 170, 18600000, 19815093635, N/A
UC4LHNX8d8RqnDX0OezgmCTg, TheWillyrex, TheWillyrex, 2011-01-26, gamesSpain, 6200, 18600000, 6718810037, N/A
UCq3zaHCaZtb3TtNwwz0PK2w, DisneyChannelLA, Disney, 2007-12-12, entertainmentArgentina, 7543, 18500000, 17503703057, N/A
UCIvaYmXn910QMdemBG3v1pQ, zeenews, Zee News, 2007-06-19, newsIndia, 120603, 18500000, 5594901978, N/A
UCX_uPA_dGf7wXjuMEaSKLJA, adityacinema, Aditya Movies, 2012-02-23, filmIndia, 4027, 18500000, 6414301586, N/A
UCNApqoVYJbYSrni4YsbXzyQ, adityamusic, Aditya Music, 2008-05-01, musicIndia, 17748, 18400000, 14294010345, N/A
UCw0ry7cLRUnq3Oaszlhgqfg, w0ry7cLRUnq3Oaszlhgqfg, DLS News, 2017-07-05, newsIndia, 2242, 18400000, 1686133616, N/A
UCHN9P-CQVBQ1ba8o1NQJVCA, HN9P-CQVBQ1ba8o1NQJVCA, Super JoJo - Nursery Rhymes, 2019-05-31, educationUnited States, 280, 18500000, 10759684637, N/A
UCx8Z14PpntdaxCt2hakbQLQ, x8Z14PpntdaxCt2hakbQLQ, The Lallantop, 2015-03-23, newsIndia, 25750, 18300000, 5946472205, N/A
UCj-SWZSE0AmotGSQ3apROHw, Powerkids, PowerKids, 2014-08-06, filmIreland, 1185, 18300000, 8817061002, N/A
UCY1kMZp36IQSyNx_9h4mpCg, onemeeeliondollars, Mark Rober, 2011-10-20, techUnited States, 97, 18300000, 2116780006, N/A
UC7Pq3Ko42YpkCB_Q4E981jw, 7Pq3Ko42YpkCB_Q4E981jw, Kids TV - Nursery Rhymes And Baby Songs, 2013-08-30, educationUnited States, 3042, 18300000, 10110144619, N/A
UCmh5gdwCx6lN7gEC20leNVA, mh5gdwCx6lN7gEC20leNVA, David Dobrik, 2014-12-19, peopleUnited States, 473, 18300000, 5909955156, N/A
UCIPPMRA040LQr5QPyJEbmXA, IPPMRA040LQr5QPyJEbmXA, MrBeast Gaming, 2020-04-07, gamesUnited States, 106, 18300000, 2331204097, N/A
UCCrw5RBWF9i8VPt4IxL8IsQ, Crw5RBWF9i8VPt4IxL8IsQ, Goldmines, 2015-09-12, filmIndia, 707, 18200000, 1802891401, N/A
UC4hGmH5sABOA70D4fGb8qNQ, 4hGmH5sABOA70D4fGb8qNQ, Frost Diamond, 2014-01-22, gamesIndonesia, 1545, 18200000, 3567656138, N/A
UCy_rxpSt8DMagOUFA9Q-t1A, y_rxpSt8DMagOUFA9Q-t1A, BabyBus - Canciones Infantiles & Cuentos, 2018-03-19, educationMexico, 746, 18100000, 9554834629, N/A
UCy7whoHQXzhYxp9AQmrPFVw, y7whoHQXzhYxp9AQmrPFVw, Totoykids, 2014-12-02, filmBrazil, 494, 18000000, 6899772151, N/A
UC0VOyT2OCBKdQhF3BAbZ-1g, arianagrandevevo, ArianaGrandeVevo, 2010-10-21, musicUnited States, 135, 18000000, 16715103857, N/A
UCrreHSUa5rnuCVDeO8dX4eA, PeppaLatinoAmericano, Peppa Pig Español Latino - Canal Oficial, 2014-07-28, filmUnited Kingdom, 757, 18000000, 5367457605, N/A
UCwppdrjsBPAZg5_cUwQjfMQ, charliesvlogs, Charlie Puth, 2009-09-09, musicUnited States, 104, 18000000, 7332148671, N/A
UC-J-KZfRV8c13fOCkhXdLiQ, DuaLipa1, Dua Lipa, 2011-02-05, musicUnited Kingdom, 153, 18000000, 7492491071, N/A
UCsTcErHg8oDvUnTzoqsYeNw, unboxtherapy, Unbox Therapy, 2010-12-21, techCanada, 1924, 17900000, 4049153792, N/A
UCa6vGFO9ty8v5KZJXQxdhaw, JimmyKimmelLive, Jimmy Kimmel Live, 2006-09-20, entertainmentUnited States, 5275, 17900000, 11327573653, N/A
UChOPyo-uWLVi5uO53mSBX-w, hOPyo-uWLVi5uO53mSBX-w, Noor Stars, 2014-04-24, entertainmentUnited Arab Emirates, 566, 17900000, 2284953266, N/A
UCIjYyZxkFucP_W-tmXg_9Ow, icreateddisco, Calvin Harris, 2007-02-11, musicUnited Kingdom, 71, 17800000, 13527192042, N/A
UCbD8EppRX3ZwJSou-TVo90A, mnet, Mnet K-POP, 2006-03-09, entertainmentKorea, 23868, 17800000, 12126411249, N/A
UCZU9T1ceaOgwfLRq7OKFU4Q, linkinparktv, Linkin Park, 2006-11-28, musicUnited States, 588, 17800000, 10096054909, N/A
UCu6oyJJ6PlkeNNv6n26ZNyA, u6oyJJ6PlkeNNv6n26ZNyA, Troom Troom Es, 2016-02-05, howtoUnspecified, 2115, 17800000, 6404008036, N/A
UCHDeuavvkVwDyJgRFVfbpXA, HDeuavvkVwDyJgRFVfbpXA, JukiLop, 2017-09-15, peopleMexico, 85, 17800000, 1387449032, N/A
UCrFiA0hztL9e8zTi_qBuW4w, eeoneguy, EeOneGuy, 2013-03-19, entertainmentUnited States, 338, 17700000, 3736528055, N/A
UC_hSjGOO67A6gIDUcyuv_8A, _hSjGOO67A6gIDUcyuv_8A, Infinite, 2014-08-21, entertainmentUnited States, 1351, 17700000, 3589714674, N/A
UCxSz6JVYmzVhtkraHWZC7HQ, xSz6JVYmzVhtkraHWZC7HQ, Liza Koshy, 2013-09-02, entertainmentUnited States, 175, 17700000, 2508434597, N/A
UCgtNC51EUSgcZ6kKyVoPxKA, BeckyGOfficial, Becky G, 2011-09-06, musicUnited States, 63, 17700000, 7906395357, N/A
UC6pjHMC4QXMi4llCCjtDXWg, 6pjHMC4QXMi4llCCjtDXWg, Lil pump, 2015-10-15, musicUnspecified, 43, 17700000, 3886180610, N/A
UCi9cDo6239RAzPpBZO9y5SA, i9cDo6239RAzPpBZO9y5SA, Lele Pons, 2015-09-19, comedyUnited States, 136, 17700000, 4617575059, N/A
UCpVm7bg6pXKo1Pr6k5kxG9A, NationalGeographic, National Geographic, 2006-05-07, entertainmentUnited States, 9589, 17600000, 4516878217, N/A
UC9trsD1jCTXXtN3xIOIU8gg, 9trsD1jCTXXtN3xIOIU8gg, WB Kids, 2015-03-31, filmUnited States, 1386, 17600000, 6931060591, N/A
UCfRNJiafEm1LBBGFTTq4cXw, fRNJiafEm1LBBGFTTq4cXw, GEN HALILINTAR, 2015-03-04, entertainmentIndonesia, 748, 17700000, 2578659507, N/A
UCtylTUUVIGY_i5afsQYeBZA, GooodLifeFilms, Lyrical Lemonade, 2013-03-25, entertainmentUnited States, 382, 17600000, 7820626885, N/A
UCIEv3lZ_tNXHzL3ox-_uUGQ, gordonramsay, Gordon Ramsay, 2006-04-29, entertainmentUnited Kingdom, 1035, 17600000, 3197688502, N/A
UCtm3DGXkWqAUQZMHl97SVxA, tm3DGXkWqAUQZMHl97SVxA, Diana Play, 2019-02-01, entertainmentUnited States, 343, 17600000, 7389411446, N/A
UCYVinkwSX7szARULgYpvhLw, Matroix, Ali-A, 2006-09-13, gamesUnited Kingdom, 3656, 17500000, 5503771513, N/A
UCLp8RBhQHu9wSsq62j_Md6A, luisfonsivevo, LuisFonsiVEVO, 2009-05-12, musicUnited States, 81, 17400000, 13013650172, N/A
UCEUf_uUDUfJJ3XfgwOxm-0A, DanielSaboya, Dan-Sa / Daniel Saboya, 2007-09-22, musicBrazil, 1249, 17400000, 5664890335, N/A
UCXooz9whNJZBRTHi9AqdjPw, gusttavolimaoficial, Gusttavo Lima Oficial, 2010-11-09, musicBrazil, 293, 17400000, 8932869790, N/A
UCfaZw8XH_zmAVkBst_MPD6w, faZw8XH_zmAVkBst_MPD6w, CKN Toys, 2015-03-28, entertainmentAustralia, 763, 17300000, 17176343495, N/A
UCZkURf9tDolFOeuw_4RD7XQ, therealdemilovato, Demi Lovato, 2008-01-30, musicUnited States, 237, 17300000, 5932073321, N/A
UCpGdL9Sn3Q5YWUH2DVUW1Ug, PopularMMOS, PopularMMOs, 2012-04-17, gamesUnited States, 4676, 17300000, 14269574103, N/A
UCNhqvQMXIgRfjAGmxQqdNRw, rotanaaudio, Rotana, 2012-01-10, musicSaudi Arabia, 7757, 17200000, 12645629033, N/A
UCD1Em4q90ZUK2R5HKesszJg, OfficialClashOfClans, Clash of Clans, 2013-01-31, gamesUnited States, 459, 17200000, 2990335091, N/A
UCe_Fx4EZAgKjDz0aQ_Y7hSA, Gottalentglobal, Got Talent Global, 2013-01-31, entertainmentUnited Kingdom, 1987, 17200000, 6372322897, N/A
UCe9JSDmyqNgA_l2BzGHq1Ug, Harpalgeo, HAR PAL GEO, 2008-01-02, entertainmentPakistan, 21900, 17300000, 10952592561, N/A
UCxMAbVFmxKUVGAll0WVGpFw, xMAbVFmxKUVGAll0WVGpFw, Cardi B, 2016-12-01, musicUnspecified, 54, 17200000, 6055646918, N/A
UCzI7wZyqk7jpXWT_MILjepw, zI7wZyqk7jpXWT_MILjepw, Paulo Londra, 2016-08-08, musicArgentina, 41, 17200000, 5253984321, N/A
UCyxbZF7_PK4nLiexj0kkCNg, Romeo, Romeo Santos, 2005-10-07, musicUnited States, 26, 17100000, 12196067054, N/A
UC4PooiX37Pld1T8J5SYT-SQ, rhettandlink2, Good Mythical Morning, 2008-09-17, entertainmentUnited States, 2674, 17100000, 7207963648, N/A
UCHwBjRoGO1V-H8QYXjSVHkQ, HwBjRoGO1V-H8QYXjSVHkQ, Gaby and Alex, 2012-10-06, entertainmentUnited Kingdom, 347, 17100000, 7794290859, N/A
UCYqOeAXJm8yV9sJ8Ud3cR7A, newafi2013, Indosiar, 2013-09-23, entertainmentIndonesia, 53879, 17100000, 9374210876, N/A
UClkRzsdvg7_RKVhwDwiDZOA, jflamusic, JFlaMusic, 2011-08-22, musicKorea, 278, 17100000, 3344080111, N/A
UCV4XcEqBswMCryorV_gNENw, turmadamonicatv, Turma da Mônica, 2012-07-30, filmBrazil, 1061, 17000000, 11911906998, N/A
UCCI5Xsd_gCbZb9eTeOf9FdQ, CI5Xsd_gCbZb9eTeOf9FdQ, Like Nastya Vlog, 2016-01-14, peopleRussian Federation, 268, 17000000, 6851832087, N/A
UCke6I9N4KfC968-yRcd5YRg, SSundee, SSundee, 2009-11-28, gamesUnited States, 2704, 17000000, 8501853113, N/A
UC3zVeAaoPEN1Tu25dW3G2Ig, sonotekvideo, Sonotek, 2011-01-11, musicIndia, 8294, 16900000, 6368160655, N/A
UC70Dib4MvFfT1tU6MqeyHpQ, prestonplayz, Preston, 2012-07-04, entertainmentUnited States, 3735, 16900000, 5311027773, N/A
UC6nSFpj9HTCZ5t-N3Rm3-HA, VSauce, Vsauce, 2007-07-30, techUnited Kingdom, 377, 16900000, 2076391496, N/A
UCIQPHl1WKKTt9KkWyo_JNig, IQPHl1WKKTt9KkWyo_JNig, INCRÍVEL, 2017-06-20, peopleBrazil, 4352, 16900000, 2528686289, N/A
UCbAiIkPobUFy71zlmwVw3jw, fatosdesconhecidos, Fatos Desconhecidos, 2013-09-26, entertainmentBrazil, 3972, 16900000, 2621004854, N/A
UCs570zdFq_NNA5OcV8chnHw, Goldmineshindi, Goldmines Movies, 2013-11-22, filmIndia, 1898, 16900000, 3375028617, N/A
UCu7Hg0f3rxqZ6qs-188ZbjQ, u7Hg0f3rxqZ6qs-188ZbjQ, Goldmines Dishoom, 2016-11-26, filmUnspecified, 1791, 16800000, 4559967615, N/A
UC3I1iohrGzxep0p8r1Osw3w, 3I1iohrGzxep0p8r1Osw3w, Like Nastya AE, 2018-12-19, entertainmentUnited States, 393, 16800000, 7511100095, N/A
UCEWHPFNilsT0IfQfutVzsag, portadosfundos, Porta dos Fundos, 2012-03-12, entertainmentBrazil, 1653, 16800000, 6463186836, N/A
UCCEmjNPpJYhGDgaEqeeA4HA, Thegrefg, TheGrefg, 2012-01-30, gamesSpain, 3033, 16800000, 5332448007, N/A
UCKyU-wd-KY4PMOcOpPQgQcw, telenovelatelevisa, Tlnovelas, 2013-04-03, entertainmentMexico, 21574, 16900000, 9858768958, N/A
UC_W0_Nv-3rxpWVvosddhrPw, kidstvsongs, Doggy Doggy Cartoons, 2012-12-11, entertainmentSpain, 3903, 16800000, 6324205503, N/A
UCJZ5gFXzSZ9i-R1HEnS8U_A, JZ5gFXzSZ9i-R1HEnS8U_A, Stubborn Facts, 2016-09-05, entertainmentIndia, 309, 16700000, 1265067295, N/A
UCMNmwqCtCSpftrbvR3KkHDA, aynakoitsroi, Guava Juice, 2006-07-18, entertainmentUnited States, 1619, 16700000, 8129296181, N/A
UCUtZaxDF3hD5VK4xRYFBePQ, BritainsGotTalent09, Britain's Got Talent, 2008-04-12, entertainmentUnited Kingdom, 3037, 16700000, 9435483923, N/A
UCzVIrPfZBE-XkBISBybMBLA, werevertumorro, Werevertumorro, 2007-02-28, entertainmentMexico, 1047, 16700000, 2794329737, N/A
UC8rNKrqBxJqL9izOOMxBJtw, willyrex, Willyrex, 2009-08-09, gamesSpain, 5693, 16700000, 4423025268, N/A
UC-F6LZSWz34xKknY8NNCzgQ, PDKFilms, PDK Films, 2009-07-21, entertainmentUnited States, 107, 16700000, 3391493800, N/A
UCo8bcnLyZH8tBIH9V1mLgqQ, o8bcnLyZH8tBIH9V1mLgqQ, TheOdd1sOut, 2014-08-30, comedyUnited States, 112, 16700000, 3658319220, N/A
UCtjFp8VXWIscsqQ2wokpo3Q, tjFp8VXWIscsqQ2wokpo3Q, Naisa Alifia Yuriza (N.A.Y), 2017-07-08, entertainmentIndonesia, 1002, 16600000, 1672670792, N/A
UCGdPm5Aq081vVD7ih9jZf6Q, GdPm5Aq081vVD7ih9jZf6Q, FactTechz, 2016-07-24, techIndia, 410, 16600000, 1738058634, N/A
UCtyr6UXUdZJJHuWGKzoiLfg, tyr6UXUdZJJHuWGKzoiLfg, Like Nastya PRT, 2019-04-09, entertainmentUnspecified, 353, 16600000, 7753402085, N/A
UCUYA9nNP2Pgz5RF_oMvnqdQ, UYA9nNP2Pgz5RF_oMvnqdQ, Мирошка ТВ, 2018-02-20, educationRussian Federation, 14, 16600000, 4070896979, N/A
UC2bYhAHyaqfWlPXWBVk4BcA, TheEnaldinhO, Enaldinho, 2012-11-07, comedyBrazil, 1609, 16500000, 4300643100, N/A
UC-LPIU24bQXVljUXivKEeRQ, starplus, StarPlus, 2006-05-19, entertainmentIndia, 10558, 16500000, 8545970339, N/A
UCQvWX73GQygcwXOTSf_VDVg, QvWX73GQygcwXOTSf_VDVg, Minecraft - Topic, 2013-12-20, gamesUnspecified, 0, 16500000, 0, N/A
UCqq5n-Oe-r1EEHI3yvhVJcA, qq5n-Oe-r1EEHI3yvhVJcA, AboFlah, 2016-07-28, gamesKuwait, 456, 16600000, 2102089376, N/A
UCLcCpNY-zaL3vEERD5rh5Ew, rsiammusic, RsiamMusic : อาร์สยาม, 2011-03-08, musicThailand, 2241, 16500000, 10148626165, N/A
UCkvK_5omS-42Ovgah8KRKtg, jeffreestar, jeffreestar, 2006-02-14, howtoUnited States, 403, 16500000, 2499915407, N/A
UCWJ2lWNubArHWmf3FIHbfcQ, NBA, NBA, 2005-11-21, sportsUnited States, 35874, 16500000, 8599471332, N/A
UCR4s1DE9J4DHzZYXMltSMAg, HowToBasic, HowToBasic, 2011-12-08, howtoAustralia, 549, 16400000, 3270142157, N/A
UCHAbNxkU837UAkZ-OPtdUUw, toyorbabytv, toyorbabytv, 2012-11-01, musicJordan, 866, 16400000, 11449387979, N/A
UCUMxxg0KvWiSWHUXRPpnKzw, UMxxg0KvWiSWHUXRPpnKzw, व्लाद और निकिता, 2018-11-03, entertainmentUnited States, 318, 16500000, 9136606006, N/A
UCM44x9uWlx__9M9Y2IFhxzQ, hibestman, HiMan, 2014-10-16, peopleRussian Federation, 245, 16400000, 1728906479, N/A
UCR-foyF-C6VuAlwy3KZMkgA, MrVivekBindra, Dr. Vivek Bindra: Motivational Speaker, 2013-12-06, educationIndia, 544, 16300000, 1091660321, N/A
UCX8pnu3DYUnx8qy8V_c6oHg, X8pnu3DYUnx8qy8V_c6oHg, Techno Gamerz, 2017-08-13, gamesIndia, 624, 16300000, 3387101712, N/A
UCY8LnVxm0Hf7DKPKuLPxb2g, ppextras, ExtraPolinesios, 2012-06-03, peopleMexico, 433, 16200000, 4382070930, N/A
UC5BMQOsAB8hKUyHu9KI6yig, kbsworld, KBS WORLD TV, 2007-01-06, entertainmentKorea, 50994, 16200000, 11832405972, N/A
UCiBigY9XM-HaOxUc269ympg, Greengoldtv, Green Gold, 2011-07-01, entertainmentIndia, 912, 16100000, 7707911396, N/A
UC6zPzUJo8hu-5TzUk8IEC2Q, sockeyemedia, Mother Goose Club Playhouse, 2009-02-03, educationUnited States, 1132, 16100000, 13765107111, N/A
UCq_oSgHK9lk6NUUgkhUOPnw, Jquintanac5, DeToxoMoroxo, 2012-09-03, entertainmentMexico, 435, 16000000, 2043012736, N/A
UC56D-IHcUvLVFTX_8NpQMXg, MrBrent98, Brent Rivera, 2009-08-01, entertainmentUnited States, 402, 15900000, 3251159038, N/A
UCIR9VKPE70KJ4DX2zCjHObw, IR9VKPE70KJ4DX2zCjHObw, Canal IN, 2017-07-21, entertainmentBrazil, 547, 15900000, 2261221932, N/A
UCjtLOfx1yt1NlnFIDyAX3Ug, wroetoshaw, W2S, 2012-07-26, entertainmentUnited Kingdom, 654, 15900000, 4607987670, N/A
UCo4ywJQXfUIB0lCBpczW3cA, tucosmopolis, Tu COSMOPOLIS, 2014-08-28, peopleMexico, 4385, 15900000, 4235787102, N/A
UC_OLtzRJdg0MJfiqGWAAIHw, _OLtzRJdg0MJfiqGWAAIHw, IDEAS EN 5 MINUTOS, 2017-10-30, howtoMexico, 3909, 15800000, 3216155417, N/A
UCvC4D8onUfXzvjTOM-dBfEA, marvel, Marvel Entertainment, 2005-06-16, entertainmentUnited States, 7262, 15800000, 3815900334, N/A
UCVrstuGnHjpUXr9G98wwKow, Musicalrmastv, الـريماس - Al-Remas, 2013-09-27, musicIraq, 1823, 15800000, 9309342978, N/A
UCWeg2Pkate69NFdBeuRFTAw, amoodiesqueezie, SQUEEZIE, 2011-01-09, entertainmentFrance, French Republic, 1396, 15800000, 8137437684, N/A
UCf31Gf5nCU8J6eUlr7QSU0w, Dj47maryn, Marmok, 2008-04-27, gamesRussian Federation, 313, 15800000, 2680541374, N/A
UCGRtuAmEObNSmlOLDWzZfVg, CaELiKe, Caeli YT, 2010-09-22, entertainmentMexico, 531, 15800000, 1498145589, N/A
UCOF23vGxkbhN4wl7ROrgXsA, OF23vGxkbhN4wl7ROrgXsA, Goldmines Hindi, 2015-07-22, filmIndia, 1187, 15700000, 5231159724, N/A
UC-SV8-bUJfXjrRMnp7F8Wzw, romanatwoodvlogs, Roman Atwood Vlogs, 2013-08-12, peopleUnited States, 1672, 15600000, 5373834145, N/A
UCYtaoJSk9iIrFxx8eZB15ag, robinhoodgamer1, Robin Hood Gamer, 2014-05-17, gamesBrazil, 3343, 15600000, 6215082162, N/A
UCssFxr-IdIa-wpG3jUXYrmw, sebastianyatra, Sebastián Yatra, 2013-03-30, musicUnited States, 81, 15600000, 7401607837, N/A
UCl_P0sCqxOdQpMwuajdXkRg, TheElenaYa, Diana Roma Show, 2011-12-22, entertainmentUnited States, 269, 15600000, 2661203967, N/A
UCFeUyPY6W8qX8w2o6oSiRmw, pinkpanther, Official Pink Panther, 2013-09-09, filmUnited States, 513, 15600000, 8096805053, N/A
UCelMeixAOTs2OQAAi9wU8-g, Cookieswirlc, CookieSwirlC, 2013-11-03, entertainmentUnited States, 3363, 15500000, 15657322378, N/A
UCKy1dAqELo0zrOtPkf0eTMw, Ignentertainment, IGN, 2006-09-19, gamesUnited States, 142285, 15500000, 12312065006, N/A
UCi8e0iOVk1fEOogdfu4YgfA, movieclipstrailers, Movieclips Trailers, 2011-04-01, filmUnited States, 8806, 15400000, 12332354920, N/A
UCe3yZzUwpmy2eKKmF9svX0Q, jasonderulo, Jason Derulo, 2008-07-21, musicUnited States, 303, 15400000, 7665730828, N/A
UCHmk8iNJHvf5mGN6_pkPc7g, Hmk8iNJHvf5mGN6_pkPc7g, Emiway Bantai, 2013-05-03, musicIndia, 158, 15400000, 2332688499, N/A
UCXTMoE1XgvxN4iCt5-gZzCw, ThePoznavatel, Познаватель, 2014-10-20, entertainmentUkraine, 427, 15400000, 6905235956, N/A
UCoC47do520os_4DBMEFGg4A, oC47do520os_4DBMEFGg4A, 李子柒 Liziqi, 2017-08-22, howtoChina, 125, 15300000, 2345065654, N/A
UC3ar28GS6o1p0m_wabfk2zw, PenIndiaPvtLimited, Pen Movies, 2014-03-25, filmIndia, 1271, 15300000, 3798376630, N/A
UCYM02HkL0C3V1hAzw0HUXUw, SandraCiresArt, Sandra Cires Art, 2011-09-27, entertainmentUnited States, 876, 15300000, 3078121422, N/A
UCFWsjsN53Sqvg2pWhSFmWBQ, grammygoldofficia, GRAMMY GOLD OFFICIAL, 2014-01-15, musicThailand, 4548, 15300000, 15121411868, N/A
UCn7dB9UMTBDjKtEKBy_XISw, mileyofficialonline, Miley Cyrus, 2009-09-15, entertainmentUnited States, 122, 15300000, 5442363604, N/A
UComP_epzeKzvBX156r6pm1Q, adeleVEVO, AdeleVEVO, 2009-10-15, musicUnited Kingdom, 32, 15300000, 9688612677, N/A
UC6paX0kLA8D81aYogceMufw, 6paX0kLA8D81aYogceMufw, Rafa & Luiz, 2015-08-26, entertainmentBrazil, 1474, 15200000, 4852359413, N/A
UCqjjyPUghDSSKFBABM_CXMw, anittaoficial, Anitta, 2011-11-02, musicBrazil, 73, 15200000, 5455123203, N/A
UChM5Ff2yVeIZ16EWiB081cg, hM5Ff2yVeIZ16EWiB081cg, Reaction Time, 2015-04-25, entertainmentUnited States, 1658, 15200000, 4240704854, N/A
UCyJrhZm9KXrzRub3-wD2zWg, TheBrianMaps, TheBrianMaps, 2012-06-04, entertainmentRussian Federation, 444, 15200000, 3575066995, N/A
UCBOmfqgTZi7yDp4-3Lr_3lA, shemaroomovies, Shemaroo Movies, 2011-03-01, filmIndia, 1075, 15200000, 3932736663, N/A
UCP9MW9ATjUwwulqEYTbp-Mw, P9MW9ATjUwwulqEYTbp-Mw, Vlad and Niki Arabic, 2018-11-09, entertainmentUnited States, 309, 15200000, 6355641674, N/A
UCG0HA4uyuuzPzeq_US_ywVg, newdaynewgame, Enes Batur, 2012-11-18, entertainmentTurkey, 1928, 15200000, 8447146609, N/A
UCbKWv2x9t6u8yZoB3KcPtnw, Noogai89, Alan Becker, 2006-07-24, filmUnited States, 106, 15200000, 2842283010, N/A
UCjS0hMS5sneIgsb3PjBc0Bw, jS0hMS5sneIgsb3PjBc0Bw, Oyuncak Avı, 2014-12-29, entertainmentUnited States, 492, 15200000, 7679009378, N/A
UCJKBSfD5JSUxGhriFeoPCCg, JKBSfD5JSUxGhriFeoPCCg, Masha e o Urso, 2016-02-15, filmBrazil, 612, 15100000, 5525235516, N/A
UCNbwP-bKUlKrE_5qDwvFILQ, NbwP-bKUlKrE_5qDwvFILQ, Antrax, 2015-05-25, gamesMexico, 544, 15100000, 2530905010, N/A
UCIvqWqjC4aLvp7zI8hzARrA, littlemixmusic, Little Mix, 2011-11-30, musicUnited Kingdom, 258, 15200000, 6176732519, N/A
UCj5RwDivLksanrNvkW0FB4w, gmapublicaffairs, GMA Public Affairs, 2009-08-08, newsPhilippines, 30016, 15100000, 8708351978, N/A
UClnKzwo9CPkYix6V9jK4JTQ, ppmussas, Musas, 2012-08-28, howtoMexico, 590, 15100000, 2232164309, N/A
UClIYfCAhMAlacxT0e_sl1uA, lIYfCAhMAlacxT0e_sl1uA, Kerajinan 5-Menit, 2018-11-21, howtoIndonesia, 2535, 15000000, 4127418939, N/A
UCdLGCJcIGu5ExzYN6CXtkIw, kayNutticha, Kaykai Salaider, 2011-01-24, entertainmentThailand, 374, 15100000, 3707349025, N/A
UCYauDsl-rswjQGpA0_-Z9Pw, UltraMovieParlour, Ultra Movie Parlour, 2011-05-17, filmIndia, 1196, 15000000, 3996986384, N/A
UCgc00bfF_PvO_2AvqJZHXFg, boyceavenue, Boyce Avenue, 2007-09-02, musicUnited States, 414, 15000000, 5703104256, N/A
UCPDis9pjXuqyI7RYLJ-TTSA, failarmy, FailArmy, 2011-07-05, comedyUnited States, 428, 14900000, 1843462441, N/A
UCdxi8d8qRsRyUi2ERYjYb-w, dxi8d8qRsRyUi2ERYjYb-w, TheRichest, 2014-01-20, filmUnited States, 3553, 14900000, 6260596913, N/A
UCfm4y4rHF5HGrSr-qbvOwOg, iisuperwomanii, Lilly Singh, 2010-10-29, comedyCanada, 808, 14900000, 3447251862, N/A
UCrDkAvwZum-UTjHmzDI2iIw, officialpsy, officialpsy, 2010-10-04, musicKorea, 90, 14900000, 8453882240, N/A
UC_vsErcsq56hOscPHkG-aVw, SCTVIndonesia, Surya Citra Televisi (SCTV), 2011-12-02, entertainmentIndonesia, 42267, 14800000, 6891326515, N/A
UClyPv5RRfYdUFv2SsgV5uMw, lyPv5RRfYdUFv2SsgV5uMw, Kids Play, 2018-05-14, entertainmentUnited States, 448, 14800000, 6798516408, N/A
UCN1hnUccO4FD5WfM7ithXaw, maroon5Vevo, Maroon5VEVO, 2009-05-12, musicUnited States, 129, 14800000, 17027114066, N/A
UCsXVk37bltHxD1rDPwtNM8Q, kurzgesagt, Kurzgesagt – In a Nutshell, 2013-07-09, educationGermany, 139, 14900000, 1378200623, N/A
UCMu5gPmKp5av0QCAajKTMhw, erb, ERB, 2006-02-08, entertainmentUnited States, 82, 14800000, 3714394516, N/A
UCcQeJmGXpa_t03Zjrl8Aq4g, cQeJmGXpa_t03Zjrl8Aq4g, IDEIAS INCRÍVEIS, 2017-10-30, howtoBrazil, 3889, 14800000, 3421058340, N/A
UCgSMDG8aGE3YHfBCXHuPpYA, gSMDG8aGE3YHfBCXHuPpYA, Katie Angel, 2015-05-19, musicUnited States, 515, 14800000, 2497202580, N/A
UCh7EqOZt7EvO2osuKbIlpGg, Craftbattleduty, Lachlan, 2013-03-19, gamesAustralia, 3510, 14700000, 4741067465, N/A
UCjK8ORC71kwyj1DWFwril_A, SelenaGomezVEVO, SelenaGomezVEVO, 2009-11-24, musicUnited States, 181, 14700000, 9519417211, N/A
UCvYhgH0hXziSz9IyPztzUug, vYhgH0hXziSz9IyPztzUug, Eva Bravo Play, 2019-05-07, Russian Federation, 263, 14700000, 7280486447, N/A
UCy7QvWo7uV_AcoLJL5RIwkQ, y7QvWo7uV_AcoLJL5RIwkQ, حِرف إبداعية في 5 دقائق, 2017-12-08, howtoEgypt, 3653, 14700000, 3938476792, N/A
UCKHhA5hN2UohhFDfNXB_cvQ, iberethenorio, Manual do Mundo, 2006-07-24, techBrazil, 1713, 14600000, 2700570864, N/A
UCG8eSYvOQUpb9HM8zU5d6xg, Robleisiutu, RobleisIUTU, 2013-04-15, gamesArgentina, 870, 14600000, 3588089957, N/A
UCTdRly9T3iyCJFjmRoCaepQ, TdRly9T3iyCJFjmRoCaepQ, Little Angel Español - Canciones Infantiles, 2018-01-26, entertainmentMexico, 423, 14700000, 6499339275, N/A
UCv8nzwVPQDRjkPCkEsOdEwA, PitbullMusic, Pitbull, 2006-07-05, musicUnited States, 287, 14600000, 10189179116, N/A
UCB0d0JLn1WcGYcwwZ87d2LA, rclbeauty101, Rclbeauty101, 2010-12-14, comedyUnited States, 467, 14600000, 3860877199, N/A
UCiMhD4jzUqG-IgPzUmmytRQ, queenofficial, Queen Official, 2008-07-07, musicUnited Kingdom, 829, 14500000, 8197787173, N/A
UCuVpbMt4yu4I9eAey3khnGg, uVpbMt4yu4I9eAey3khnGg, AdMe.ru - Сайт о творчестве, 2015-04-20, entertainmentRussian Federation, 4069, 14500000, 3402333750, N/A
UCV2JkEBmtfSYGAIlprAhAyQ, ArabGamesNetwork, شبكة العاب العرب | Arab Games Network, 2013-11-29, gamesSaudi Arabia, 4604, 14500000, 5673960436, N/A
UCgO5cJ4sL1um054gGYusjiA, CanalTaBombando, LEGENDA FUNK, 2013-05-11, musicBrazil, 5117, 14500000, 2662029321, N/A
UCfLuMSIDmeWRYpuCQL0OJ6A, kwebbelkop, Kwebbelkop, 2008-04-02, gamesUnited States, 4653, 14500000, 6377297596, N/A
UC3J4Q1grz46bdJ7NJLd4DGw, miawaug, MiawAug, 2014-03-15, gamesIndonesia, 2759, 14500000, 3820129530, N/A
UCR1c65UsjpaVgcLKa7eM1tg, lescopaque, Les' Copaque Production, 2009-11-09, filmUnspecified, 1297, 14400000, 6833781461, N/A
UCr8RjWUQ_9KYcIPmWiqBroQ, jenniferlopez, Jennifer Lopez, 2005-11-18, musicUnited States, 187, 14400000, 8437123011, N/A
UCio_FVgKVgqcHrRiXDpnqbw, io_FVgKVgqcHrRiXDpnqbw, Camila Cabello, 2015-08-11, musicUnited States, 36, 14400000, 5128793480, N/A
UCtxdfwb9wfkoGocVUAJ-Bmg, TravisScottXX, Travis Scott, 2013-02-28, musicUnspecified, 12, 14400000, 5771815535, N/A
UCsm77kEHBDEPgD4Ir3jSRYg, sm77kEHBDEPgD4Ir3jSRYg, El Reino a Jugar, 2015-03-03, educationArgentina, 673, 14400000, 8430887386, N/A
UCl_AQeO6ynSDRSjclc1e16Q, Portalfitdance, FitDance, 2013-12-26, musicBrazil, 2176, 14400000, 5653957303, N/A
UCpZ88DWlKW0H_AYDaUZptcw, pZ88DWlKW0H_AYDaUZptcw, Ninja Kidz TV, 2017-02-09, entertainmentUnited States, 213, 14400000, 6183355846, N/A
UCXdmo_q4SawYMz-dmeKEHPQ, Xdmo_q4SawYMz-dmeKEHPQ, Dyland PROS, 2015-01-28, gamesIndonesia, 1340, 14400000, 1125968768, N/A
UCn8zNIfYAQNdrFRrr8oibKw, vice, VICE, 2005-12-16, entertainmentUnited States, 3407, 14300000, 3483746985, N/A
UCqqGXzmJn6biINRt5OILmRQ, qqGXzmJn6biINRt5OILmRQ, Planeta das Gêmeas, 2015-11-21, entertainmentBrazil, 735, 14300000, 4008698529, N/A
UCvrhwpnp2DHYQ1CbXby9ypQ, STARVIJAY, Vijay Television, 2007-02-01, entertainmentIndia, 21862, 14300000, 12540966890, N/A
UCFkoPRmuxqr37jvGmmpzhzQ, malumavevo, MalumaVEVO, 2011-06-15, musicUnited States, 155, 14300000, 16192598012, N/A
UCYk4LJI0Pr6RBDWowMm-KUw, corbuzierprediction, Deddy Corbuzier, 2009-12-08, entertainmentIndonesia, 845, 14300000, 2428445338, N/A
UCqFhfan_P2AmGVB1X2B-3Aw, farrukotv, Farruko, 2009-10-30, musicUnited States, 147, 14300000, 6344652276, N/A
UChLN0bJgq6d15OK2HVB4YTg, hLN0bJgq6d15OK2HVB4YTg, SIS vs BRO, 2016-03-03, entertainmentCanada, 365, 14300000, 6491928491, N/A
UCI2FmVp--YL8d7iVFt8mmxg, eltrollino, ElTrollino, 2013-05-18, gamesSpain, 1474, 14300000, 4049239485, N/A
UCE76CBkDX591pxzps6bySOw, E76CBkDX591pxzps6bySOw, Super Polina, 2014-07-08, peopleUnited States, 468, 14200000, 4607996666, N/A
UCkuPobJMx7DPUdwlVo1TFfA, Drawblogs, Drawblogs, 2014-05-20, entertainmentPeru, 308, 14200000, 1613600341, N/A
UCPDXXXJj9nax0fr0Wfc048g, collegehumor, CollegeHumor, 2006-10-09, comedyUnited States, 3796, 14200000, 7762951559, N/A
UCbt4SegZBQLeXMTMvnrfZtw, OGATOGALACTICO, Gato Galactico, 2013-04-02, entertainmentBrazil, 1188, 14200000, 4079997132, N/A
UCvpDeGlR5wLP9Z3Tb6K0Xfg, samsmithworld, SAM SMITH, 2012-09-14, entertainmentUnited Kingdom, 29, 14300000, 7671832852, N/A
UCE_M8A5yxnLfW0KghEeajjw, apple, Apple, 2005-06-22, techUnited States, 195, 14200000, 734007989, N/A
UC5v3gjCQLFeg8eBXO7ShdpQ, 5v3gjCQLFeg8eBXO7ShdpQ, BabyBus - Cerita & Lagu Anak-anak, 2019-01-14, educationIndonesia, 442, 14200000, 7098674520, N/A
UCVEDZVtA5NUtjxSXHjtvkag, VEDZVtA5NUtjxSXHjtvkag, Kinder Spielzeug Kanal, 2015-09-25, entertainmentGermany, 642, 14200000, 6384009781, N/A
UCSyoRFkB5xkaa3ScUcBaETw, makeuplocalypse, Mariale, 2010-01-06, entertainmentUnited States, 1431, 14200000, 2022096619, N/A
UCMJ5Qf3sOvQpcYiai1Noa3Q, majorlazer, Major Lazer Official, 2009-04-30, musicUnited States, 393, 14200000, 8214030562, N/A
UCo_IB5145EVNcf8hw1Kku7w, MatthewPatrick13, The Game Theorists, 2009-08-22, entertainmentUnited States, 572, 14200000, 2913669107, N/A
UCmdY1pHB-KbFYxOyhwjVeQw, MattyBRAPS, MattyBRaps, 2010-05-31, musicUnited States, 147, 14100000, 2746702957, N/A
UCBJycsmduvYEL83R_U4JriQ, MarquesBrownlee, Marques Brownlee, 2008-03-21, techUnited States, 1349, 14100000, 2521032294, N/A
UCd1fLoVFooPeWqCEYVUJZqg, megatoadstonie, Matt Stonie, 2012-08-24, entertainmentUnited States, 375, 14100000, 2766047038, N/A
UCyWqModMQlbIo8274Wh_ZsQ, monsieurdream, Cyprien, 2007-02-25, comedyFrance, French Republic, 181, 14100000, 2766189911, N/A
UCdAt_KUKt0g9ZRQ7gwKaN3A, Ranziscool, Ranz Kyle, 2008-04-27, entertainmentPhilippines, 398, 14100000, 1417948611, N/A
UCIohHXwCEKxWCLvAguJ-GjA, TransTvofficial, TRANS TV Official, 2014-09-02, entertainmentIndonesia, 82247, 14100000, 7486007809, N/A
UCUK0HBIBWgM2c4vsPhkYY4w, theslowmoguys, The Slow Mo Guys, 2010-08-15, entertainmentUnited States, 281, 14100000, 2209570657, N/A
UCD9PZYV5heAevh9vrsYmt1g, wwwengie, Wengie, 2010-09-09, entertainmentUnited States, 341, 14100000, 1849845898, N/A
UCevY-z55kr37ZAXG15F-KiA, makiman131, Makiman131, 2013-02-12, entertainmentSpain, 2768, 14000000, 3903098827, N/A
UC5H_KXkPbEsGs0tFt8R35mA, martingarrix, Martin Garrix, 2011-01-15, musicThe Netherlands , 211, 14000000, 4923948601, N/A
UCL64gn1KZ1C-u87BGQv3b6w, jemproducoes, Jorge & Mateus Oficial, 2008-07-29, musicBrazil, 274, 14000000, 6638914106, N/A
UC4R8DWoMoI7CAwX8_LjQHig, 4R8DWoMoI7CAwX8_LjQHig, Live, 2015-01-13, Unspecified, 0, 14000000, 0, N/A
UC65afEgL62PGFWXY7n6CUbA, OfficialTrapCity, Trap City, 2012-10-12, musicThe Netherlands , 2254, 14000000, 4459968602, N/A
UCMtpmPs9end-dTNwVq16g4Q, officialfifthharmony, Fifth Harmony, 2013-02-21, musicUnited States, 67, 13900000, 6984048227, N/A
UCsooa4yRKGN_zEE8iknghZA, TEDEducation, TED-Ed, 2011-03-01, educationUnited States, 1814, 13900000, 2423012712, N/A
UCl_Ksy6Yi1b4eEZ46FInb_w, l_Ksy6Yi1b4eEZ46FInb_w, Prajapati News, 2013-03-14, entertainmentIndia, 643, 13900000, 686976358, N/A
UClVrJwcIy7saPcGc1nct80A, fueledbyramen, Fueled By Ramen, 2006-06-09, entertainmentUnited States, 1156, 13900000, 11604694163, N/A
UCgG9IWOPcCIfQoI00xQBUbg, gG9IWOPcCIfQoI00xQBUbg, Vlad and Niki IDN, 2018-11-09, entertainmentUnited States, 281, 13900000, 5827618973, N/A
UCBzrJ1zGf9-0cd5-n7sBraQ, BzrJ1zGf9-0cd5-n7sBraQ, حقائق وأسرار, 2016-05-27, entertainmentSaudi Arabia, 1183, 13900000, 2022571030, N/A
UC3pnQ7MHDABUFungNcMQ7dA, 3pnQ7MHDABUFungNcMQ7dA, Boram Tube ToysReview [보람튜브 토이리뷰], 2016-05-18, peopleKorea, 455, 13900000, 4745057297, N/A
UC0YFjwJc3b1otDerdv6CfWA, 0YFjwJc3b1otDerdv6CfWA, XpressTV, 2014-11-17, entertainmentMexico, 493, 13900000, 3109127594, N/A
UCAelPgCHWYyEs8-TFuOVRtg, AelPgCHWYyEs8-TFuOVRtg, Zuni and Family, 2017-08-25, peopleIndonesia, 143, 13800000, 4680512569, N/A
UCrGnb5RdHA9M6WGmBGYo4ZQ, AM3NlC, AM3NlC, 2012-12-15, peopleBrazil, 4887, 13800000, 4541432109, N/A
UCzTKskwIc_-a0cGvCXA848Q, nikkietutorials, NikkieTutorials, 2008-06-23, howtoThe Netherlands , 823, 13800000, 1464467021, N/A
UCLbyJSPEe2lx3jY-G0CFR3g, LbyJSPEe2lx3jY-G0CFR3g, Vania Mania Kids, 2015-09-09, musicUnited States, 515, 13800000, 3568190981, N/A
UC2t5bjwHdUX4vM2g8TRDq5g, riotgamesinc, League of Legends, 2009-02-09, gamesUnited States, 1198, 13800000, 5284501697, N/A
UCRRu9OXVYd5clj2Bs29gUVQ, Zncoficial, Zé Neto e Cristiano, 2012-04-03, musicBrazil, 152, 13800000, 8808292581, N/A
UCuWuAvEnKWez5BUr29VpwqA, uWuAvEnKWez5BUr29VpwqA, wifistudy, 2014-07-26, educationIndia, 33261, 13800000, 2270234901, N/A
UCSs9H1cyB3OHdy8wkit8ZKg, etvteluguindia, etvteluguindia, 2010-03-15, entertainmentIndia, 93797, 13800000, 14090516575, N/A
UCfiM9_Me5QJBEr0PItkbXgw, fiM9_Me5QJBEr0PItkbXgw, TRT Ertugrul by PTV, 2020-04-17, entertainmentPakistan, 304, 13700000, 3633710826, N/A
UCH2VZQBLFTOp6I_qgnBJCuQ, fecastanhari, Canal Nostalgia, 2008-09-20, entertainmentBrazil, 339, 13700000, 1275447708, N/A
UCRW3VLiVep5Ud4Ovhj2eUyA, masterskayanastroeny, Мастерская Настроения, 2013-08-10, entertainmentRussian Federation, 731, 13700000, 3353508545, N/A
